,train,valid,rs,mode,n_samples,scaling,train_aux
0,1.0,0.79,4,finetuning,100,0.5,
0,1.0,0.73,8,finetuning,20,0.5,
0,0.997,0.91,16,finetuning,1000,0.5,
0,1.0,0.965,22,finetuning,200,1.0,
0,1.0,0.91,3,finetuning,200,2.0,
0,1.0,0.755,8,finetuning,50,0.25,
0,0.999,0.935,22,singletask,1000,,
0,1.0,0.78,0,finetuning,20,0.125,
0,1.0,0.935,13,finetuning,100,1.0,
0,1.0,0.765,20,finetuning,20,1.0,
0,0.998,0.945,7,finetuning,1000,0.125,
0,1.0,0.775,4,finetuning,50,0.5,
0,1.0,0.835,23,finetuning,50,2.0,
0,0.996,0.945,35,singletask,1000,,
0,0.998,0.885,11,finetuning,500,0.5,
0,1.0,0.6,28,finetuning,10,1.0,
0,0.995,0.735,20,finetuning,1000,0.125,
0,1.0,0.595,27,finetuning,10,2.0,
0,1.0,0.79,24,finetuning,500,0.25,
0,1.0,0.72,46,multitask,50,,0.0949795918367347
0,1.0,0.72,0,finetuning,10,0.5,
0,1.0,0.75,27,finetuning,500,2.0,
0,1.0,0.92,6,finetuning,500,1.0,
0,1.0,0.855,22,finetuning,100,0.25,
0,1.0,0.87,3,finetuning,200,0.125,
0,0.998,0.935,22,finetuning,1000,0.25,
0,1.0,0.895,15,singletask,50,,
0,1.0,0.855,10,finetuning,200,0.5,
0,1.0,0.705,22,finetuning,10,0.5,
0,1.0,0.795,3,multitask,100,,0.10426530612244898
0,1.0,0.66,5,finetuning,10,2.0,
0,0.998,0.73,27,multitask,500,,0.2543469387755102
0,1.0,0.795,17,finetuning,100,2.0,
0,1.0,0.835,38,multitask,50,,0.1106326530612245
0,1.0,0.825,1,finetuning,50,2.0,
0,1.0,0.85,21,finetuning,100,0.5,
0,0.99,0.84,11,finetuning,200,0.125,
0,1.0,0.84,26,finetuning,50,0.5,
0,1.0,0.71,37,singletask,100,,
0,1.0,0.73,4,finetuning,50,0.125,
0,1.0,0.67,17,singletask,10,,
0,1.0,0.74,18,multitask,10,,0.03893877551020408
0,1.0,0.955,7,finetuning,200,1.0,
0,1.0,0.615,2,finetuning,10,0.125,
0,1.0,0.955,26,finetuning,200,2.0,
0,0.998,0.86,2,finetuning,500,2.0,
0,1.0,0.925,23,finetuning,500,1.0,
0,1.0,0.79,34,multitask,200,,0.12953061224489795
0,1.0,0.695,35,singletask,20,,
0,1.0,0.89,31,singletask,200,,
0,0.999,0.935,1,finetuning,1000,2.0,
0,0.999,0.99,26,finetuning,1000,1.0,
0,1.0,0.795,25,multitask,1000,,0.32551020408163267
0,1.0,0.82,46,singletask,10,,
0,1.0,0.78,2,finetuning,20,1.0,
0,1.0,0.585,44,singletask,50,,
0,1.0,0.91,9,finetuning,1000,1.0,
0,1.0,0.61,45,multitask,10,,0.10820408163265306
0,1.0,0.625,9,finetuning,20,0.25,
0,1.0,0.7,20,finetuning,200,0.25,
0,0.996,0.91,18,finetuning,500,1.0,
0,0.998,0.975,14,singletask,500,,
0,1.0,0.73,9,singletask,100,,
0,0.997,0.91,17,finetuning,1000,0.5,
0,0.88,0.6,40,multitask,100,,0.0890204081632653
0,1.0,0.495,3,finetuning,10,0.25,
0,0.997,0.97,12,singletask,1000,,
0,0.996,0.89,1,finetuning,500,0.125,
0,1.0,0.67,20,multitask,10,,0.1076938775510204
0,0.998,0.88,18,finetuning,1000,0.125,
0,1.0,0.81,5,finetuning,20,1.0,
0,1.0,0.865,0,multitask,10,,0.07079591836734694
0,1.0,0.9,33,multitask,500,,0.24618367346938774
0,1.0,0.635,1,finetuning,20,0.125,
0,1.0,0.54,16,finetuning,50,0.25,
0,1.0,0.78,21,finetuning,50,0.5,
0,1.0,0.82,6,finetuning,50,2.0,
0,1.0,0.74,5,singletask,10,,
0,1.0,0.795,34,multitask,20,,0.12422448979591837
0,1.0,0.84,9,finetuning,50,1.0,
0,0.998,0.74,25,finetuning,500,0.25,
0,1.0,0.815,7,singletask,50,,
0,1.0,0.865,23,finetuning,100,0.25,
0,1.0,0.81,11,multitask,100,,0.11126530612244898
0,1.0,0.625,2,finetuning,10,2.0,
0,1.0,0.74,21,singletask,20,,
0,1.0,0.745,20,multitask,200,,0.13146938775510203
0,1.0,0.73,25,finetuning,10,0.5,
0,0.998,0.89,1,singletask,500,,
0,1.0,0.7,48,singletask,20,,
0,1.0,0.805,49,multitask,200,,0.1203469387755102
0,1.0,0.64,7,finetuning,10,0.5,
0,1.0,0.65,17,finetuning,20,0.25,
0,0.999,0.895,18,finetuning,1000,0.25,
0,1.0,0.59,20,finetuning,10,2.0,
0,1.0,0.64,39,singletask,50,,
0,0.995,0.98,30,multitask,1000,,0.3093061224489796
0,1.0,0.745,3,multitask,50,,0.11851020408163265
0,1.0,0.705,24,singletask,200,,
0,1.0,0.705,5,finetuning,50,0.125,
0,1.0,0.72,24,finetuning,50,2.0,
0,1.0,0.5,3,finetuning,10,0.125,
0,1.0,0.7,26,finetuning,10,0.25,
0,1.0,0.835,3,finetuning,50,0.5,
0,1.0,0.8,23,multitask,50,,0.08493877551020408
0,1.0,0.66,24,finetuning,100,0.125,
0,1.0,0.6,27,finetuning,20,1.0,
0,1.0,0.855,13,finetuning,500,0.125,
0,1.0,0.81,27,finetuning,1000,1.0,
0,1.0,0.825,22,singletask,100,,
0,0.998,0.975,0,finetuning,1000,2.0,
0,0.55,0.5,17,multitask,20,,0.008306122448979592
0,1.0,0.81,19,finetuning,200,1.0,
0,1.0,0.84,43,singletask,500,,
0,1.0,0.545,19,singletask,20,,
0,1.0,0.77,18,multitask,200,,0.12163265306122449
0,1.0,0.875,29,multitask,100,,0.1323265306122449
0,0.998,0.925,8,finetuning,1000,1.0,
0,1.0,0.865,28,finetuning,100,1.0,
0,1.0,0.8,9,finetuning,100,2.0,
0,1.0,0.725,28,finetuning,20,2.0,
0,0.995,0.825,21,finetuning,200,0.25,
0,1.0,0.665,42,singletask,500,,
0,1.0,0.89,26,finetuning,20,2.0,
0,1.0,0.855,9,finetuning,500,2.0,
0,1.0,1.0,14,finetuning,1000,0.5,
0,1.0,0.735,6,multitask,10,,0.061061224489795916
0,1.0,0.805,39,multitask,100,,0.11393877551020408
0,1.0,0.65,1,finetuning,20,0.5,
0,1.0,0.865,26,multitask,10,,0.09787755102040817
0,0.998,0.885,13,finetuning,1000,0.125,
0,1.0,0.865,11,finetuning,100,0.125,
0,1.0,0.835,23,singletask,100,,
0,1.0,0.635,2,finetuning,20,0.25,
0,1.0,0.65,2,finetuning,20,0.125,
0,1.0,0.79,29,singletask,50,,
0,0.998,0.945,31,multitask,1000,,0.31614285714285717
0,1.0,0.825,26,finetuning,50,0.25,
0,1.0,0.745,25,singletask,200,,
0,0.998,0.935,26,finetuning,500,0.125,
0,1.0,0.685,21,finetuning,10,1.0,
0,1.0,0.805,32,multitask,20,,0.07481632653061225
0,0.998,0.83,9,finetuning,500,0.25,
0,0.996,0.94,26,finetuning,500,0.25,
0,0.998,0.74,42,singletask,1000,,
0,1.0,0.915,0,singletask,500,,
0,1.0,0.64,9,finetuning,10,0.5,
0,1.0,0.725,25,finetuning,50,1.0,
0,1.0,0.735,20,finetuning,100,0.25,
0,1.0,0.7,25,multitask,50,,0.10951020408163266
0,1.0,0.595,42,singletask,10,,
0,1.0,0.8,5,multitask,50,,0.1223469387755102
0,1.0,0.78,31,singletask,20,,
0,1.0,0.92,30,multitask,200,,0.0953061224489796
0,1.0,0.965,7,finetuning,50,1.0,
0,1.0,0.565,27,finetuning,20,0.25,
0,1.0,0.72,8,finetuning,50,2.0,
0,1.0,0.685,6,finetuning,50,0.125,
0,1.0,0.565,3,finetuning,10,1.0,
0,1.0,0.645,40,singletask,50,,
0,1.0,0.68,0,finetuning,10,0.125,
0,1.0,0.54,16,finetuning,10,0.25,
0,1.0,0.905,24,finetuning,1000,1.0,
0,1.0,0.93,3,finetuning,1000,2.0,
0,1.0,0.86,8,finetuning,200,2.0,
0,1.0,0.9,23,multitask,500,,0.2658979591836735
0,1.0,0.875,7,multitask,100,,0.11644897959183674
0,1.0,0.78,11,singletask,50,,
0,0.998,0.945,15,singletask,500,,
0,1.0,0.665,23,finetuning,20,0.5,
0,1.0,0.66,3,finetuning,50,0.25,
0,1.0,0.745,11,multitask,20,,0.059
0,1.0,0.68,8,singletask,100,,
0,1.0,0.795,4,finetuning,20,2.0,
0,1.0,0.92,18,finetuning,100,1.0,
0,1.0,0.72,13,singletask,10,,
0,1.0,0.775,3,finetuning,100,0.125,
0,1.0,0.86,22,finetuning,200,0.25,
0,1.0,0.645,1,singletask,10,,
0,0.999,0.95,15,finetuning,1000,0.5,
0,1.0,0.78,3,finetuning,20,2.0,
0,1.0,0.985,12,finetuning,200,1.0,
0,1.0,0.665,24,finetuning,20,0.5,
0,1.0,0.685,24,multitask,200,,0.12220408163265306
0,1.0,0.625,25,singletask,20,,
0,1.0,0.845,15,multitask,100,,0.11918367346938775
0,1.0,0.915,30,singletask,200,,
0,1.0,0.825,5,finetuning,200,0.5,
0,1.0,0.82,3,singletask,50,,
0,0.998,0.885,24,multitask,1000,,0.3167755102040816
0,0.996,0.865,5,finetuning,1000,0.25,
0,1.0,0.675,3,finetuning,20,0.125,
0,1.0,0.825,2,finetuning,100,2.0,
0,1.0,0.925,23,finetuning,100,1.0,
0,1.0,0.74,24,finetuning,200,0.125,
0,1.0,0.765,4,finetuning,10,1.0,
0,0.88,0.56,44,multitask,100,,0.07193877551020408
0,1.0,0.835,36,singletask,100,,
0,0.998,0.83,5,singletask,1000,,
0,1.0,0.73,40,multitask,50,,0.10024489795918368
0,1.0,0.885,21,finetuning,500,0.5,
0,1.0,0.74,28,finetuning,50,0.5,
0,0.998,0.84,8,finetuning,500,0.25,
0,0.998,0.66,27,finetuning,500,0.25,
0,1.0,0.995,0,finetuning,50,1.0,
0,1.0,0.86,17,finetuning,500,2.0,
0,1.0,0.765,9,multitask,20,,0.07920408163265306
0,1.0,0.795,37,multitask,500,,0.26648979591836736
0,1.0,0.845,21,finetuning,100,0.25,
0,1.0,0.79,29,multitask,20,,0.10744897959183673
0,1.0,0.78,20,finetuning,200,0.5,
0,1.0,0.96,22,finetuning,50,1.0,
0,1.0,0.725,28,finetuning,50,0.125,
0,1.0,0.72,27,finetuning,100,2.0,
0,1.0,0.92,6,finetuning,100,1.0,
0,1.0,0.765,11,finetuning,100,0.5,
0,1.0,0.935,26,finetuning,10,1.0,
0,1.0,0.73,7,finetuning,50,0.125,
0,1.0,0.87,16,finetuning,200,2.0,
0,1.0,0.505,1,finetuning,10,0.125,
0,1.0,0.865,9,multitask,500,,0.25695918367346937
0,1.0,0.935,13,finetuning,500,1.0,
0,0.997,0.87,2,finetuning,1000,2.0,
0,0.997,0.83,25,finetuning,1000,1.0,
0,1.0,0.765,43,multitask,10,,0.10046938775510204
0,1.0,0.755,8,finetuning,10,0.25,
0,0.997,0.84,17,finetuning,1000,0.25,
0,1.0,0.715,6,finetuning,20,0.5,
0,1.0,0.93,4,finetuning,500,0.5,
0,0.995,0.855,23,finetuning,200,0.25,
0,1.0,0.665,21,finetuning,20,2.0,
0,0.999,0.965,12,finetuning,1000,0.5,
0,1.0,0.725,7,finetuning,20,0.25,
0,1.0,0.975,12,finetuning,20,1.0,
0,0.997,0.835,46,singletask,1000,,
0,1.0,0.775,4,finetuning,20,0.125,
0,1.0,0.785,9,finetuning,100,0.25,
0,1.0,0.815,4,finetuning,200,0.125,
0,1.0,0.865,9,finetuning,200,1.0,
0,0.999,0.745,25,finetuning,1000,0.25,
0,1.0,0.855,11,finetuning,50,2.0,
0,1.0,0.76,19,finetuning,100,2.0,
0,0.996,0.765,20,finetuning,500,0.25,
0,1.0,0.69,19,finetuning,100,0.125,
0,1.0,0.81,23,finetuning,50,0.25,
0,1.0,0.785,15,finetuning,10,2.0,
0,1.0,0.885,26,finetuning,100,0.25,
0,1.0,0.685,13,finetuning,10,0.25,
0,1.0,0.785,34,singletask,100,,
0,1.0,0.515,27,singletask,10,,
0,1.0,0.93,8,finetuning,500,1.0,
0,1.0,0.675,16,finetuning,200,0.125,
0,1.0,0.615,10,finetuning,10,0.5,
0,0.997,0.875,8,singletask,1000,,
0,1.0,0.69,25,singletask,50,,
0,0.998,0.95,18,multitask,1000,,0.30614285714285716
0,1.0,0.88,0,finetuning,50,0.125,
0,1.0,0.745,22,finetuning,20,0.25,
0,1.0,0.75,2,multitask,200,,0.12506122448979592
0,1.0,0.66,3,singletask,20,,
0,1.0,0.88,17,multitask,500,,0.23806122448979591
0,1.0,0.675,6,finetuning,10,0.125,
0,1.0,0.925,14,finetuning,50,0.5,
0,0.999,0.975,22,finetuning,1000,1.0,
0,0.998,0.885,5,finetuning,1000,2.0,
0,1.0,0.84,46,multitask,500,,0.2703877551020408
0,1.0,0.74,40,multitask,20,,0.09965306122448979
0,1.0,0.735,6,finetuning,50,0.25,
0,0.6,0.5,9,multitask,50,,0.008836734693877552
0,1.0,0.825,32,singletask,200,,
0,1.0,0.88,35,multitask,100,,0.10212244897959184
0,0.997,0.72,16,finetuning,1000,0.125,
0,0.999,0.98,26,multitask,1000,,0.28083673469387754
0,1.0,0.74,24,finetuning,200,0.25,
0,1.0,0.815,29,multitask,50,,0.1263061224489796
0,1.0,0.68,18,finetuning,20,0.5,
0,0.997,0.955,13,finetuning,1000,0.5,
0,1.0,0.92,7,finetuning,100,2.0,
0,1.0,0.96,26,finetuning,100,1.0,
0,1.0,0.74,25,multitask,20,,0.1113265306122449
0,0.999,0.89,1,singletask,1000,,
0,0.995,0.96,0,finetuning,200,0.5,
0,1.0,0.74,5,multitask,20,,0.11516326530612245
0,1.0,0.78,31,singletask,50,,
0,1.0,0.815,17,singletask,500,,
0,1.0,0.87,17,finetuning,200,1.0,
0,0.998,0.88,6,finetuning,500,0.125,
0,1.0,0.69,33,singletask,10,,
0,1.0,0.835,41,multitask,200,,0.12122448979591836
0,1.0,0.535,40,singletask,20,,
0,1.0,0.57,5,finetuning,20,0.125,
0,1.0,0.83,8,finetuning,100,0.25,
0,1.0,0.775,48,singletask,100,,
0,1.0,0.615,28,finetuning,10,0.25,
0,1.0,0.75,13,finetuning,50,0.5,
0,1.0,0.86,31,multitask,10,,0.08108163265306123
0,1.0,0.99,12,finetuning,500,2.0,
0,1.0,0.715,21,multitask,100,,0.09726530612244898
0,1.0,0.73,10,multitask,200,,0.10728571428571429
0,1.0,0.82,11,singletask,20,,
0,1.0,0.87,5,multitask,500,,0.2704489795918367
0,0.82,0.74,11,multitask,50,,0.07216326530612245
0,1.0,0.745,17,finetuning,10,0.5,
0,1.0,0.505,19,finetuning,20,0.25,
0,0.998,0.89,21,finetuning,500,0.25,
0,1.0,0.825,29,singletask,500,,
0,0.998,0.86,24,finetuning,500,0.5,
0,1.0,0.615,27,finetuning,100,0.25,
0,1.0,0.91,12,finetuning,10,2.0,
0,1.0,0.87,13,finetuning,200,2.0,
0,1.0,0.63,28,finetuning,10,0.125,
0,1.0,0.905,33,multitask,1000,,0.32073469387755105
0,1.0,0.82,23,finetuning,100,0.125,
0,1.0,0.625,27,singletask,200,,
0,1.0,0.785,19,finetuning,50,1.0,
0,1.0,0.955,14,finetuning,100,0.5,
0,1.0,0.705,1,finetuning,50,0.125,
0,1.0,0.925,22,finetuning,100,2.0,
0,1.0,0.93,3,finetuning,100,1.0,
0,0.998,0.85,2,singletask,500,,
0,1.0,0.755,48,multitask,100,,0.12644897959183674
0,1.0,0.795,16,finetuning,50,2.0,
0,1.0,0.725,18,finetuning,50,0.25,
0,1.0,0.62,7,finetuning,10,0.125,
0,1.0,0.77,25,finetuning,200,0.5,
0,0.996,0.93,4,finetuning,1000,2.0,
0,0.996,0.75,40,singletask,500,,
0,0.999,0.965,23,finetuning,1000,1.0,
0,1.0,0.62,19,singletask,200,,
0,0.998,0.885,1,finetuning,500,0.5,
0,1.0,0.735,28,multitask,200,,0.12346938775510204
0,1.0,0.68,29,singletask,20,,
0,0.89,0.64,19,multitask,100,,0.07981632653061224
0,1.0,0.8,32,multitask,50,,0.10218367346938775
0,1.0,0.915,15,finetuning,20,1.0,
0,1.0,0.775,21,singletask,100,,
0,0.995,0.76,25,finetuning,200,0.25,
0,0.999,0.82,9,finetuning,1000,0.125,
0,0.998,0.965,14,finetuning,500,0.125,
0,1.0,0.785,12,multitask,10,,0.025408163265306122
0,0.998,0.95,16,finetuning,500,1.0,
0,1.0,0.77,48,singletask,50,,
0,0.998,0.885,10,finetuning,1000,0.5,
0,1.0,0.75,20,singletask,100,,
0,1.0,0.915,16,finetuning,100,1.0,
0,0.997,0.925,31,singletask,1000,,
0,1.0,0.965,14,finetuning,20,2.0,
0,1.0,0.705,16,finetuning,100,0.125,
0,1.0,0.88,41,singletask,500,,
0,1.0,0.85,18,singletask,200,,
0,1.0,0.74,3,multitask,20,,0.08518367346938775
0,1.0,0.9,38,multitask,200,,0.14483673469387756
0,1.0,0.53,39,singletask,20,,
0,1.0,0.79,27,finetuning,200,1.0,
0,1.0,0.89,6,finetuning,200,2.0,
0,1.0,0.75,1,finetuning,100,0.5,
0,1.0,0.86,23,multitask,20,,0.11802040816326531
0,1.0,0.695,6,finetuning,20,0.125,
0,1.0,0.76,18,finetuning,10,0.25,
0,1.0,0.745,13,finetuning,10,1.0,
0,0.998,0.915,3,singletask,500,,
0,1.0,0.86,18,finetuning,50,2.0,
0,1.0,0.96,22,finetuning,500,2.0,
0,0.998,0.94,3,finetuning,500,1.0,
0,1.0,0.705,17,multitask,50,,0.10138775510204082
0,1.0,0.67,19,singletask,50,,
0,0.998,0.855,21,finetuning,500,0.125,
0,0.998,0.925,32,multitask,1000,,0.31442857142857145
0,1.0,0.865,17,finetuning,50,1.0,
0,1.0,1.0,14,finetuning,500,0.5,
0,1.0,0.905,26,singletask,200,,
0,0.998,0.92,22,finetuning,500,0.25,
0,1.0,0.57,37,multitask,10,,0.09055102040816326
0,0.997,0.945,26,singletask,1000,,
0,1.0,0.71,24,finetuning,100,0.25,
0,1.0,0.89,2,finetuning,200,1.0,
0,1.0,0.91,23,finetuning,200,2.0,
0,1.0,0.72,49,multitask,10,,0.08465306122448979
0,0.998,0.785,28,singletask,500,,
0,1.0,0.765,42,multitask,500,,0.24448979591836734
0,1.0,0.525,19,finetuning,10,0.5,
0,0.998,0.705,25,finetuning,1000,0.125,
0,1.0,0.75,24,finetuning,100,0.5,
0,1.0,0.98,12,finetuning,100,2.0,
0,1.0,0.76,49,singletask,100,,
0,1.0,0.655,2,finetuning,50,0.125,
0,1.0,0.755,4,finetuning,10,0.125,
0,1.0,0.77,28,finetuning,50,0.25,
0,1.0,0.88,31,multitask,100,,0.12138775510204082
0,1.0,0.92,15,finetuning,200,0.5,
0,0.996,0.85,16,singletask,500,,
0,1.0,0.96,7,finetuning,1000,2.0,
0,1.0,0.815,4,finetuning,100,0.125,
0,0.998,0.86,20,finetuning,1000,1.0,
0,1.0,0.91,14,multitask,10,,0.050244897959183674
0,1.0,0.795,9,finetuning,200,0.25,
0,1.0,0.605,23,singletask,10,,
0,0.995,0.695,19,finetuning,200,0.125,
0,1.0,0.79,34,multitask,50,,0.11387755102040817
0,1.0,0.95,13,multitask,500,,0.24059183673469386
0,1.0,0.92,26,finetuning,200,0.25,
0,0.999,0.835,2,finetuning,1000,0.125,
0,1.0,0.95,7,finetuning,500,2.0,
0,1.0,0.71,7,singletask,20,,
0,0.998,0.97,26,finetuning,500,1.0,
0,0.945,0.64,6,multitask,200,,0.12428571428571429
0,1.0,0.74,11,finetuning,20,0.5,
0,1.0,0.75,21,singletask,50,,
0,1.0,0.72,28,finetuning,20,0.125,
0,1.0,0.89,1,multitask,500,,0.2526734693877551
0,0.998,0.865,2,finetuning,1000,0.25,
0,1.0,0.58,16,finetuning,20,0.5,
0,0.997,0.89,11,finetuning,1000,0.5,
0,1.0,0.825,15,singletask,20,,
0,1.0,0.98,14,multitask,200,,0.11936734693877551
0,0.995,0.795,33,singletask,200,,
0,1.0,0.74,25,multitask,100,,0.11548979591836735
0,0.995,0.845,23,finetuning,200,0.125,
0,1.0,0.755,27,multitask,1000,,0.33540816326530615
0,1.0,0.74,38,multitask,20,,0.11781632653061225
0,1.0,0.71,6,finetuning,10,0.25,
0,1.0,0.57,7,finetuning,20,0.125,
0,1.0,0.79,35,singletask,50,,
0,1.0,0.915,18,finetuning,200,2.0,
0,0.999,0.78,19,multitask,1000,,0.31144897959183676
0,0.998,0.84,9,finetuning,500,0.125,
0,0.999,0.885,16,singletask,1000,,
0,1.0,0.88,8,finetuning,100,1.0,
0,1.0,0.61,44,singletask,20,,
0,1.0,0.9,35,singletask,100,,
0,0.965,0.79,45,multitask,200,,0.12744897959183674
0,1.0,0.535,37,singletask,10,,
0,0.998,0.935,23,finetuning,500,0.25,
0,0.88,0.61,13,finetuning,50,0.25,
0,1.0,0.68,25,finetuning,100,0.25,
0,1.0,0.595,23,finetuning,10,0.25,
0,1.0,0.835,10,finetuning,50,1.0,
0,0.998,0.82,19,finetuning,500,2.0,
0,0.996,0.925,38,singletask,1000,,
0,1.0,0.785,12,finetuning,20,0.25,
0,1.0,0.715,3,finetuning,50,0.125,
0,1.0,0.78,5,finetuning,10,0.125,
0,1.0,0.98,14,finetuning,10,1.0,
0,1.0,0.6,9,singletask,10,,
0,1.0,0.925,21,finetuning,1000,1.0,
0,1.0,0.91,6,finetuning,1000,2.0,
0,1.0,0.835,8,finetuning,200,0.25,
0,0.998,0.88,10,finetuning,1000,0.25,
0,1.0,0.765,46,multitask,20,,0.06069387755102041
0,1.0,0.745,13,finetuning,20,2.0,
0,1.0,0.615,27,finetuning,200,0.25,
0,1.0,0.725,47,multitask,50,,0.09216326530612245
0,1.0,0.98,14,finetuning,200,0.5,
0,1.0,0.715,7,finetuning,20,0.5,
0,0.999,0.965,0,singletask,1000,,
0,1.0,0.505,27,finetuning,20,0.125,
0,1.0,0.87,13,finetuning,100,2.0,
0,0.999,0.86,24,finetuning,1000,0.125,
0,1.0,0.7,20,finetuning,20,2.0,
0,1.0,0.775,8,finetuning,20,0.125,
0,1.0,0.655,25,finetuning,100,0.5,
0,1.0,0.94,3,finetuning,200,1.0,
0,1.0,0.93,22,finetuning,200,2.0,
0,1.0,0.735,10,finetuning,100,0.125,
0,0.998,0.63,27,finetuning,500,0.125,
0,1.0,0.61,27,finetuning,10,1.0,
0,0.998,0.905,3,finetuning,500,0.25,
0,0.999,0.915,8,multitask,1000,,0.3173469387755102
0,1.0,0.91,6,finetuning,500,2.0,
0,1.0,0.785,27,finetuning,500,1.0,
0,0.92,0.8,5,finetuning,100,0.25,
0,1.0,0.895,23,finetuning,50,1.0,
0,1.0,0.81,39,singletask,500,,
0,1.0,0.645,28,finetuning,10,2.0,
0,0.999,0.935,3,finetuning,1000,0.125,
0,1.0,0.9,1,finetuning,50,1.0,
0,1.0,0.92,0,finetuning,100,0.5,
0,1.0,0.735,37,singletask,200,,
0,0.999,0.96,23,multitask,1000,,0.32324489795918365
0,1.0,0.795,26,singletask,10,,
0,1.0,0.765,23,finetuning,50,0.125,
0,1.0,0.645,44,multitask,10,,0.04916326530612245
0,1.0,0.965,26,finetuning,200,1.0,
0,1.0,0.945,7,finetuning,200,2.0,
0,1.0,0.685,25,finetuning,10,0.125,
0,1.0,0.75,24,singletask,50,,
0,1.0,0.61,2,singletask,20,,
0,1.0,0.84,3,multitask,200,,0.13485714285714287
0,1.0,0.845,5,finetuning,10,1.0,
0,1.0,0.895,16,multitask,500,,0.24559183673469387
0,1.0,0.88,17,finetuning,100,1.0,
0,1.0,0.855,47,multitask,500,,0.26555102040816325
0,0.998,0.885,9,finetuning,1000,2.0,
0,1.0,0.685,28,finetuning,20,0.25,
0,1.0,0.61,19,multitask,10,,0.09118367346938776
0,0.998,0.935,15,finetuning,500,0.5,
0,1.0,0.91,7,finetuning,200,0.25,
0,1.0,0.92,23,finetuning,500,2.0,
0,1.0,0.675,2,finetuning,100,0.125,
0,0.998,0.935,2,finetuning,500,1.0,
0,1.0,0.81,31,singletask,100,,
0,0.86,0.695,34,multitask,100,,0.10055102040816327
0,0.998,0.97,26,finetuning,1000,2.0,
0,0.998,0.935,1,finetuning,1000,1.0,
0,1.0,0.705,2,finetuning,20,2.0,
0,1.0,0.71,39,multitask,50,,0.1073061224489796
0,1.0,0.505,19,finetuning,10,0.25,
0,1.0,0.72,25,finetuning,20,0.5,
0,1.0,0.6,22,finetuning,20,0.5,
0,1.0,0.805,35,multitask,20,,0.10840816326530613
0,1.0,0.69,5,finetuning,20,2.0,
0,1.0,0.59,13,finetuning,20,0.25,
0,1.0,0.775,26,finetuning,20,0.125,
0,1.0,0.875,30,singletask,50,,
0,0.997,0.82,47,singletask,1000,,
0,1.0,0.915,18,finetuning,500,2.0,
0,0.998,0.905,4,finetuning,1000,0.25,
0,0.995,0.735,9,singletask,200,,
0,1.0,0.655,9,finetuning,20,0.125,
0,0.995,0.71,25,finetuning,200,0.125,
0,1.0,0.765,32,singletask,10,,
0,1.0,0.725,41,singletask,20,,
0,1.0,0.78,40,multitask,200,,0.1279591836734694
0,1.0,0.63,22,finetuning,10,0.25,
0,1.0,0.965,12,singletask,500,,
0,0.998,0.825,2,finetuning,500,0.25,
0,1.0,0.705,9,finetuning,50,2.0,
0,1.0,0.51,21,multitask,10,,0.0460204081632653
0,1.0,0.83,4,finetuning,100,0.25,
0,0.97,0.7,20,multitask,100,,0.09881632653061224
0,1.0,0.655,10,singletask,20,,
0,0.84,0.755,11,multitask,200,,0.08214285714285714
0,1.0,0.74,2,finetuning,10,1.0,
0,1.0,0.75,1,multitask,10,,0.08616326530612245
0,1.0,0.935,4,multitask,500,,0.24844897959183673
0,1.0,0.92,6,finetuning,50,1.0,
0,1.0,0.68,8,finetuning,10,0.5,
0,1.0,0.74,24,singletask,100,,
0,1.0,0.765,22,finetuning,50,0.125,
0,1.0,0.76,24,finetuning,50,1.0,
0,1.0,0.575,24,finetuning,10,0.125,
0,1.0,0.67,7,finetuning,10,0.25,
0,0.998,0.82,9,singletask,1000,,
0,1.0,0.88,45,singletask,500,,
0,0.99,0.81,49,multitask,100,,0.11518367346938775
0,1.0,0.59,20,finetuning,10,1.0,
0,1.0,0.765,16,multitask,20,,0.11038775510204081
0,1.0,0.66,2,multitask,50,,0.08979591836734693
0,1.0,0.86,12,finetuning,50,0.25,
0,1.0,0.74,28,singletask,20,,
0,1.0,0.905,29,multitask,200,,0.15587755102040815
0,0.51,0.585,18,multitask,100,,0.0653061224489796
0,1.0,0.865,7,singletask,500,,
0,0.998,0.9,8,finetuning,1000,2.0,
0,1.0,0.865,22,multitask,50,,0.12395918367346939
0,1.0,0.905,9,finetuning,100,1.0,
0,1.0,0.73,28,finetuning,100,2.0,
0,1.0,0.91,6,finetuning,200,0.25,
0,1.0,0.69,28,finetuning,20,1.0,
0,1.0,0.615,27,finetuning,20,2.0,
0,0.998,0.975,36,multitask,1000,,0.3124081632653061
0,0.999,0.995,0,finetuning,1000,1.0,
0,1.0,0.835,22,singletask,200,,
0,1.0,0.765,27,finetuning,1000,2.0,
0,1.0,0.805,0,finetuning,20,0.5,
0,1.0,0.77,19,finetuning,200,2.0,
0,0.997,0.84,16,finetuning,1000,0.25,
0,1.0,0.735,49,singletask,50,,
0,0.999,0.83,37,multitask,1000,,0.33291836734693875
0,1.0,0.895,23,singletask,200,,
0,1.0,0.675,23,finetuning,20,0.25,
0,1.0,0.555,25,finetuning,20,0.125,
0,1.0,0.95,26,finetuning,20,1.0,
0,0.998,0.885,9,finetuning,500,1.0,
0,1.0,0.745,38,singletask,20,,
0,1.0,0.805,39,multitask,200,,0.11683673469387755
0,0.998,0.83,6,singletask,500,,
0,1.0,0.77,12,finetuning,10,0.25,
0,1.0,0.735,33,multitask,20,,0.08981632653061225
0,0.998,0.895,1,finetuning,500,0.25,
0,0.998,0.75,44,singletask,500,,
0,1.0,0.625,25,finetuning,50,2.0,
0,1.0,0.875,7,finetuning,100,0.25,
0,1.0,0.835,17,singletask,1000,,
0,1.0,0.625,2,finetuning,50,0.5,
0,1.0,0.805,18,singletask,50,,
0,1.0,0.73,7,multitask,10,,0.08579591836734694
0,0.995,0.77,2,finetuning,200,0.125,
0,1.0,0.76,28,finetuning,100,0.25,
0,1.0,0.79,7,finetuning,50,0.25,
0,0.998,0.85,17,finetuning,1000,0.125,
0,0.999,0.925,23,finetuning,1000,0.25,
0,1.0,0.66,25,singletask,100,,
0,1.0,0.555,27,multitask,10,,0.10132653061224489
0,1.0,0.75,6,finetuning,10,0.5,
0,1.0,0.58,21,finetuning,10,2.0,
0,1.0,0.835,8,finetuning,50,1.0,
0,1.0,0.7,10,multitask,20,,0.08342857142857144
0,1.0,0.83,21,finetuning,50,0.125,
0,0.998,0.89,43,multitask,500,,0.27183673469387754
0,1.0,0.675,3,finetuning,10,2.0,
0,1.0,0.545,24,finetuning,10,0.5,
0,1.0,0.52,27,finetuning,10,0.125,
0,0.997,0.91,39,singletask,1000,,
0,1.0,0.775,8,finetuning,10,0.125,
0,1.0,0.755,13,singletask,500,,
0,1.0,0.89,30,multitask,100,,0.09416326530612244
0,1.0,0.705,20,finetuning,50,0.5,
0,1.0,0.87,7,finetuning,50,2.0,
0,1.0,0.68,6,finetuning,20,0.25,
0,1.0,0.775,10,finetuning,200,0.125,
0,1.0,0.805,22,finetuning,50,0.25,
0,1.0,0.815,8,singletask,200,,
0,1.0,0.86,4,finetuning,20,1.0,
0,1.0,0.685,22,singletask,10,,
0,1.0,0.905,18,finetuning,100,2.0,
0,1.0,0.835,5,finetuning,200,0.25,
0,0.999,0.97,3,finetuning,1000,1.0,
0,0.998,0.86,24,finetuning,1000,2.0,
0,1.0,0.66,24,multitask,50,,0.10018367346938775
0,0.998,0.985,12,multitask,500,,0.24261224489795918
0,1.0,0.925,8,finetuning,200,1.0,
0,1.0,0.875,7,multitask,200,,0.13826530612244897
0,0.52,0.5,4,multitask,50,,0.009408163265306123
0,1.0,0.745,6,singletask,20,,
0,1.0,0.705,20,singletask,50,,
0,1.0,0.965,0,multitask,500,,0.23838775510204083
0,1.0,0.775,8,multitask,20,,0.09342857142857143
0,1.0,0.635,19,finetuning,50,0.25,
0,1.0,0.89,15,multitask,200,,0.11697959183673469
0,1.0,0.895,30,singletask,100,,
0,1.0,0.91,14,singletask,20,,
0,0.998,0.96,0,finetuning,500,0.125,
0,1.0,0.645,24,multitask,100,,0.10748979591836735
0,1.0,0.78,24,finetuning,200,0.5,
0,1.0,0.67,24,finetuning,20,0.125,
0,1.0,0.86,23,finetuning,100,2.0,
0,0.997,0.955,30,singletask,1000,,
0,1.0,0.805,28,multitask,20,,0.09091836734693877
0,1.0,0.855,2,finetuning,100,1.0,
0,1.0,0.83,15,finetuning,100,0.5,
0,1.0,0.99,12,finetuning,200,2.0,
0,1.0,0.885,3,finetuning,20,1.0,
0,1.0,0.85,41,multitask,50,,0.1043469387755102
0,1.0,0.725,34,singletask,50,,
0,0.998,0.965,0,finetuning,500,0.25,
0,1.0,0.935,0,finetuning,50,2.0,
0,1.0,0.915,17,finetuning,500,1.0,
0,1.0,0.57,27,finetuning,50,0.5,
0,1.0,0.83,6,finetuning,100,0.25,
0,1.0,0.565,23,finetuning,10,0.5,
0,1.0,0.875,36,singletask,200,,
0,1.0,0.735,44,multitask,200,,0.13412244897959183
0,1.0,0.72,45,singletask,20,,
0,1.0,0.775,4,finetuning,10,2.0,
0,0.999,0.945,22,multitask,1000,,0.33108163265306123
0,1.0,0.5,36,singletask,10,,
0,0.998,0.85,8,finetuning,1000,0.125,
0,0.999,0.665,27,singletask,1000,,
0,0.998,0.965,0,finetuning,500,0.5,
0,1.0,0.885,26,finetuning,10,2.0,
0,1.0,0.71,20,finetuning,50,0.125,
0,0.998,0.86,38,singletask,500,,
0,1.0,0.67,1,finetuning,10,0.5,
0,0.997,0.75,19,finetuning,1000,0.25,
0,1.0,0.935,16,finetuning,200,1.0,
0,1.0,0.725,26,finetuning,10,0.125,
0,1.0,0.555,42,multitask,10,,0.11263265306122448
0,1.0,0.85,1,finetuning,200,0.5,
0,1.0,0.59,9,finetuning,10,0.125,
0,1.0,0.71,5,finetuning,50,0.5,
0,1.0,0.91,9,multitask,1000,,0.30479591836734693
0,1.0,0.87,22,finetuning,50,2.0,
0,1.0,0.55,25,finetuning,100,0.125,
0,1.0,0.855,6,finetuning,100,2.0,
0,1.0,0.75,27,finetuning,100,1.0,
0,1.0,0.715,8,singletask,10,,
0,1.0,0.96,12,finetuning,500,0.125,
0,1.0,0.67,18,finetuning,20,0.25,
0,1.0,0.775,25,finetuning,500,0.5,
0,1.0,0.84,4,finetuning,200,0.25,
0,1.0,0.825,21,finetuning,20,1.0,
0,1.0,0.92,13,finetuning,500,2.0,
0,1.0,0.78,25,finetuning,1000,2.0,
0,0.999,0.945,2,finetuning,1000,1.0,
0,1.0,0.69,9,finetuning,20,0.5,
0,0.997,0.925,49,multitask,1000,,0.3306938775510204
0,1.0,0.965,12,finetuning,20,2.0,
0,0.88,0.695,17,finetuning,100,0.125,
0,1.0,0.53,17,finetuning,10,0.25,
0,1.0,0.58,23,finetuning,20,0.125,
0,1.0,0.815,13,singletask,1000,,
0,1.0,0.765,26,finetuning,20,0.25,
0,1.0,0.83,19,finetuning,100,1.0,
0,0.996,0.94,7,finetuning,500,0.25,
0,1.0,0.645,2,finetuning,50,0.25,
0,1.0,0.89,15,finetuning,10,1.0,
0,1.0,0.775,1,finetuning,100,0.25,
0,1.0,0.855,9,finetuning,200,2.0,
0,0.996,0.765,20,finetuning,500,0.125,
0,1.0,0.94,11,finetuning,50,1.0,
0,1.0,0.95,14,singletask,50,,
0,1.0,0.515,27,finetuning,50,0.125,
0,1.0,0.745,3,finetuning,20,0.25,
0,0.59,0.5,2,multitask,100,,0.008918367346938776
0,1.0,0.765,8,multitask,50,,0.11228571428571428
0,0.998,0.98,26,multitask,500,,0.21375510204081632
0,1.0,0.52,21,finetuning,10,0.125,
0,1.0,0.725,28,multitask,50,,0.11120408163265307
0,1.0,0.79,34,singletask,200,,
0,1.0,0.505,16,singletask,10,,
0,0.999,0.9,20,multitask,1000,,0.323
0,0.999,0.975,12,finetuning,1000,0.125,
0,1.0,0.885,8,finetuning,500,2.0,
0,1.0,0.845,41,multitask,20,,0.11938775510204082
0,1.0,0.705,8,finetuning,50,0.125,
0,1.0,0.67,34,singletask,20,,
0,1.0,0.82,32,singletask,100,,
0,1.0,0.915,35,multitask,200,,0.13879591836734695
0,1.0,0.6,47,singletask,10,,
0,1.0,0.78,5,finetuning,100,0.125,
0,1.0,0.895,3,finetuning,200,0.25,
0,1.0,0.895,5,finetuning,1000,1.0,
0,0.998,0.975,22,finetuning,1000,2.0,
0,1.0,0.7,17,finetuning,20,0.5,
0,1.0,0.705,45,singletask,50,,
0,1.0,0.805,18,finetuning,200,0.125,
0,1.0,0.575,27,finetuning,50,0.25,
0,1.0,0.81,17,finetuning,200,2.0,
0,1.0,0.775,10,multitask,50,,0.11857142857142858
0,1.0,0.785,10,finetuning,100,0.5,
0,0.65,0.62,41,multitask,100,,0.0653469387755102
0,0.999,0.92,3,finetuning,1000,0.25,
0,1.0,0.625,22,finetuning,20,0.125,
0,1.0,0.7,10,finetuning,20,0.5,
0,0.995,0.83,22,finetuning,200,0.125,
0,1.0,0.905,30,multitask,10,,0.0633469387755102
0,1.0,0.975,26,finetuning,100,2.0,
0,1.0,0.95,7,finetuning,100,1.0,
0,1.0,0.93,32,multitask,500,,0.24175510204081632
0,0.995,0.89,23,singletask,1000,,
0,0.995,0.89,21,finetuning,200,0.5,
0,0.996,0.875,8,finetuning,500,0.125,
0,0.996,0.87,6,finetuning,500,0.25,
0,1.0,0.86,5,finetuning,500,0.5,
0,0.997,0.87,34,singletask,1000,,
0,1.0,0.91,0,finetuning,100,0.25,
0,1.0,0.525,4,singletask,10,,
0,1.0,0.815,48,singletask,200,,
0,0.998,0.84,11,singletask,500,,
0,1.0,0.74,24,multitask,20,,0.0970204081632653
0,1.0,0.585,9,finetuning,10,0.25,
0,0.998,0.985,12,finetuning,500,1.0,
0,1.0,0.765,6,singletask,50,,
0,1.0,0.815,4,multitask,20,,0.12859183673469388
0,0.96,0.695,10,multitask,100,,0.08738775510204082
0,1.0,0.765,21,multitask,200,,0.10353061224489796
0,1.0,0.695,20,singletask,20,,
0,1.0,0.8,18,finetuning,10,0.5,
0,1.0,0.78,26,finetuning,50,0.125,
0,1.0,0.82,46,singletask,500,,
0,1.0,0.895,3,finetuning,100,2.0,
0,1.0,0.96,22,finetuning,100,1.0,
0,1.0,0.875,16,finetuning,50,1.0,
0,1.0,0.82,48,multitask,200,,0.123
0,1.0,0.675,49,singletask,20,,
0,1.0,0.72,13,multitask,10,,0.07051020408163265
0,1.0,0.66,20,finetuning,10,0.125,
0,1.0,0.86,4,finetuning,200,0.5,
0,1.0,0.805,38,singletask,50,,
0,1.0,0.94,13,finetuning,200,1.0,
0,1.0,0.895,12,finetuning,10,1.0,
0,1.0,0.51,27,singletask,100,,
0,1.0,0.69,19,finetuning,50,2.0,
0,1.0,0.705,33,multitask,50,,0.06569387755102041
0,1.0,0.58,9,finetuning,50,0.125,
0,0.997,0.96,35,multitask,1000,,0.29628571428571426
0,1.0,0.815,21,singletask,200,,
0,0.999,0.905,11,finetuning,1000,0.25,
0,1.0,0.815,2,finetuning,200,0.25,
0,1.0,0.88,16,finetuning,500,2.0,
0,1.0,0.58,19,singletask,100,,
0,0.999,0.92,23,finetuning,1000,2.0,
0,1.0,0.85,20,finetuning,500,0.5,
0,0.997,0.95,4,finetuning,1000,1.0,
0,1.0,0.69,19,multitask,200,,0.13355102040816327
0,1.0,0.8,18,singletask,20,,
0,0.998,0.865,4,singletask,500,,
0,1.0,0.85,28,multitask,100,,0.11444897959183674
0,1.0,0.855,15,finetuning,20,2.0,
0,1.0,0.81,18,singletask,100,,
0,0.998,0.82,5,singletask,500,,
0,0.87,0.785,38,multitask,100,,0.07191836734693878
0,1.0,0.915,6,finetuning,200,1.0,
0,1.0,0.7,27,finetuning,200,2.0,
0,1.0,0.74,20,finetuning,100,0.5,
0,0.999,0.92,18,finetuning,1000,0.5,
0,1.0,0.5,36,multitask,10,,0.05359183673469388
0,1.0,0.6,21,finetuning,20,0.125,
0,0.999,0.915,34,multitask,1000,,0.3106122448979592
0,1.0,0.8,16,finetuning,100,2.0,
0,0.995,0.75,20,singletask,200,,
0,1.0,0.85,11,finetuning,200,0.5,
0,1.0,0.78,16,multitask,50,,0.11328571428571428
0,1.0,0.98,14,finetuning,20,1.0,
0,1.0,0.75,28,singletask,50,,
0,1.0,0.825,8,finetuning,20,0.25,
0,1.0,0.74,17,finetuning,50,2.0,
0,1.0,0.71,2,multitask,20,,0.09769387755102041
0,1.0,0.915,26,singletask,100,,
0,0.998,0.835,5,finetuning,500,0.25,
0,0.997,0.87,4,singletask,1000,,
0,0.995,0.785,5,finetuning,200,0.125,
0,1.0,0.8,3,finetuning,100,0.25,
0,1.0,0.855,22,multitask,20,,0.1269183673469388
0,0.998,0.82,24,finetuning,1000,0.25,
0,1.0,0.845,47,singletask,500,,
0,1.0,0.635,13,finetuning,10,2.0,
0,1.0,0.905,3,finetuning,500,2.0,
0,0.998,0.915,22,finetuning,500,1.0,
0,1.0,0.91,18,finetuning,50,1.0,
0,0.98,0.765,18,finetuning,100,0.125,
0,1.0,0.775,49,singletask,200,,
0,0.998,0.88,10,singletask,500,,
0,1.0,0.98,12,finetuning,100,1.0,
0,1.0,0.85,35,multitask,50,,0.12314285714285714
0,1.0,0.59,25,finetuning,50,0.125,
0,1.0,0.62,16,finetuning,10,0.5,
0,1.0,0.695,17,finetuning,200,0.125,
0,1.0,0.68,43,singletask,10,,
0,1.0,0.58,23,finetuning,10,0.125,
0,1.0,0.715,9,finetuning,50,0.25,
0,1.0,0.9,31,multitask,200,,0.13351020408163267
0,1.0,0.895,30,singletask,20,,
0,1.0,0.93,23,finetuning,200,1.0,
0,1.0,0.885,2,finetuning,200,2.0,
0,1.0,0.885,12,finetuning,50,0.5,
0,1.0,0.825,15,multitask,10,,0.0383469387755102
0,0.999,0.9,6,finetuning,1000,0.125,
0,1.0,0.77,41,singletask,50,,
0,1.0,0.855,5,finetuning,100,0.5,
0,1.0,0.915,22,multitask,500,,0.2721224489795918
0,1.0,0.885,1,finetuning,200,0.25,
0,0.63,0.5,6,multitask,100,,0.052489795918367346
0,0.998,0.965,26,finetuning,500,2.0,
0,1.0,0.945,7,finetuning,500,1.0,
0,0.998,0.885,21,finetuning,1000,0.125,
0,1.0,0.685,10,singletask,50,,
0,0.999,0.86,20,finetuning,1000,2.0,
0,0.999,0.965,7,finetuning,1000,1.0,
0,1.0,0.895,10,finetuning,500,0.5,
0,1.0,0.74,48,multitask,10,,0.02973469387755102
0,1.0,0.825,12,singletask,10,,
0,1.0,0.865,0,singletask,10,,
0,1.0,0.575,27,finetuning,10,0.25,
0,0.997,0.835,19,finetuning,1000,0.5,
0,1.0,0.545,19,finetuning,20,0.5,
0,1.0,0.765,20,finetuning,20,0.125,
0,1.0,0.705,24,singletask,20,,
0,1.0,0.765,33,singletask,100,,
0,0.93,0.72,25,multitask,200,,0.1240204081632653
0,1.0,0.97,14,multitask,100,,0.11157142857142857
0,1.0,0.615,2,singletask,50,,
0,1.0,0.55,16,finetuning,20,0.25,
0,0.998,0.84,7,finetuning,500,0.125,
0,1.0,0.855,8,finetuning,100,2.0,
0,0.995,0.865,35,singletask,200,,
0,0.91,0.75,45,multitask,100,,0.08544897959183674
0,0.998,0.89,4,finetuning,500,0.25,
0,0.999,0.895,21,multitask,1000,,0.3160204081632653
0,1.0,0.875,15,finetuning,50,0.5,
0,1.0,0.675,2,finetuning,100,0.25,
0,1.0,0.93,18,finetuning,200,1.0,
0,1.0,0.905,43,singletask,1000,,
0,0.998,0.965,36,multitask,500,,0.24420408163265306
0,1.0,0.75,11,finetuning,10,0.5,
0,1.0,0.56,39,multitask,20,,0.049755102040816325
0,1.0,0.645,24,finetuning,50,0.125,
0,1.0,0.63,47,multitask,20,,0.13
0,1.0,0.57,22,finetuning,10,0.125,
0,1.0,0.92,14,finetuning,10,2.0,
0,1.0,0.8,22,finetuning,100,0.125,
0,0.999,0.75,19,finetuning,1000,0.125,
0,1.0,0.65,2,finetuning,10,0.25,
0,0.998,0.815,19,finetuning,500,1.0,
0,1.0,0.79,10,finetuning,50,2.0,
0,0.998,0.88,8,multitask,500,,0.2547551020408163
0,1.0,0.75,13,finetuning,20,1.0,
0,1.0,0.94,0,finetuning,200,0.25,
0,0.998,0.93,48,multitask,1000,,0.3152857142857143
0,0.998,0.93,15,finetuning,500,0.125,
0,0.996,0.925,6,finetuning,1000,1.0,
0,0.997,0.895,21,finetuning,1000,2.0,
0,1.0,0.695,17,finetuning,50,0.25,
0,0.999,0.92,17,multitask,1000,,0.3150204081632653
0,0.998,0.885,10,finetuning,500,1.0,
0,0.998,0.94,7,finetuning,1000,0.5,
0,1.0,0.83,11,finetuning,20,2.0,
0,1.0,0.75,11,finetuning,20,0.125,
0,0.998,0.925,7,finetuning,500,0.5,
0,1.0,0.495,47,multitask,10,,0.10924489795918367
0,1.0,0.825,8,multitask,100,,0.10377551020408163
0,1.0,0.84,5,finetuning,100,1.0,
0,1.0,0.79,24,finetuning,100,2.0,
0,1.0,0.62,19,finetuning,10,2.0,
0,1.0,0.935,29,multitask,1000,,0.3077142857142857
0,1.0,0.985,12,finetuning,50,1.0,
0,0.999,0.95,15,singletask,1000,,
0,1.0,0.895,23,finetuning,200,0.5,
0,1.0,0.93,15,finetuning,200,2.0,
0,0.997,0.66,27,finetuning,1000,0.25,
0,0.995,0.84,6,finetuning,200,0.125,
0,1.0,0.63,16,finetuning,10,1.0,
0,1.0,0.925,12,finetuning,100,0.5,
0,0.998,0.93,22,finetuning,500,0.5,
0,1.0,0.78,18,finetuning,50,0.5,
0,1.0,0.56,24,singletask,10,,
0,1.0,0.875,2,multitask,1000,,0.29789795918367346
0,1.0,0.755,9,finetuning,100,0.125,
0,1.0,0.87,26,singletask,50,,
0,1.0,0.905,0,singletask,20,,
0,1.0,0.83,1,multitask,200,,0.12848979591836734
0,0.998,0.855,33,singletask,500,,
0,1.0,0.645,13,finetuning,10,0.125,
0,1.0,0.995,14,multitask,500,,0.22951020408163264
0,0.995,0.905,14,finetuning,200,0.125,
0,1.0,0.98,14,finetuning,500,2.0,
0,0.84,0.64,44,multitask,50,,0.07448979591836735
0,1.0,0.825,15,finetuning,50,0.125,
0,1.0,0.9,14,finetuning,20,0.5,
0,1.0,0.94,45,multitask,500,,0.25426530612244896
0,1.0,0.92,11,finetuning,200,1.0,
0,0.998,0.905,10,finetuning,1000,2.0,
0,1.0,0.55,39,multitask,10,,0.04024489795918367
0,1.0,0.9,40,multitask,1000,,0.31895918367346937
0,0.997,0.97,18,finetuning,1000,1.0,
0,1.0,0.895,36,multitask,100,,0.12030612244897959
0,1.0,0.83,20,finetuning,100,1.0,
0,1.0,0.87,1,finetuning,100,2.0,
0,0.995,0.88,6,finetuning,200,0.5,
0,1.0,0.635,19,multitask,50,,0.12110204081632653
0,1.0,0.84,4,finetuning,500,0.125,
0,1.0,0.71,10,singletask,100,,
0,1.0,0.85,15,multitask,20,,0.05655102040816327
0,0.997,0.91,6,finetuning,1000,0.5,
0,1.0,0.745,32,singletask,50,,
0,0.998,0.91,32,singletask,1000,,
0,1.0,0.575,10,finetuning,20,0.125,
0,1.0,0.82,28,singletask,200,,
0,1.0,0.855,30,singletask,10,,
0,1.0,0.715,43,singletask,20,,
0,1.0,0.68,42,multitask,200,,0.12026530612244898
0,1.0,0.86,0,finetuning,50,0.25,
0,1.0,0.68,13,finetuning,20,0.5,
0,1.0,0.675,24,finetuning,20,0.25,
0,0.998,0.75,19,finetuning,500,0.5,
0,1.0,0.765,48,multitask,20,,0.10169387755102041
0,1.0,0.805,12,singletask,20,,
0,1.0,0.83,13,multitask,200,,0.11604081632653061
0,0.6,0.505,22,multitask,100,,0.05689795918367347
0,1.0,0.925,6,multitask,500,,0.2549795918367347
0,1.0,0.81,15,finetuning,10,0.25,
0,1.0,0.555,21,multitask,50,,0.09971428571428571
0,1.0,0.78,16,singletask,200,,
0,1.0,0.72,1,multitask,50,,0.08671428571428572
0,0.999,0.795,25,singletask,1000,,
0,1.0,0.895,18,singletask,500,,
0,1.0,0.855,41,singletask,200,,
0,1.0,0.92,11,finetuning,10,1.0,
0,0.998,0.93,38,multitask,500,,0.26040816326530614
0,1.0,0.75,5,singletask,100,,
0,1.0,0.64,25,finetuning,50,0.25,
0,1.0,0.875,18,finetuning,200,0.5,
0,0.998,0.87,10,finetuning,1000,0.125,
0,1.0,0.81,21,finetuning,100,0.125,
0,1.0,0.9,15,finetuning,50,1.0,
0,1.0,0.79,12,finetuning,10,0.125,
0,1.0,0.835,14,finetuning,50,0.125,
0,1.0,0.785,36,multitask,20,,0.08412244897959184
0,0.998,0.935,26,singletask,500,,
0,0.998,0.92,11,finetuning,1000,2.0,
0,0.998,0.74,16,finetuning,500,0.125,
0,1.0,0.715,16,finetuning,20,2.0,
0,1.0,0.64,19,finetuning,20,1.0,
0,0.999,0.855,19,finetuning,1000,1.0,
0,1.0,0.735,47,singletask,100,,
0,1.0,0.71,2,multitask,10,,0.11559183673469388
0,1.0,0.86,3,singletask,200,,
0,1.0,0.65,1,finetuning,20,0.25,
0,1.0,0.855,22,multitask,10,,0.10479591836734693
0,1.0,0.825,46,singletask,100,,
0,1.0,0.74,2,singletask,200,,
0,1.0,0.84,9,finetuning,200,0.125,
0,0.998,0.855,2,singletask,1000,,
0,1.0,0.855,17,finetuning,20,1.0,
0,0.998,0.895,5,finetuning,1000,0.5,
0,1.0,0.805,18,finetuning,20,2.0,
0,1.0,0.57,13,finetuning,20,0.125,
0,1.0,0.61,27,singletask,500,,
0,1.0,0.525,49,singletask,10,,
0,1.0,0.915,14,finetuning,100,0.125,
0,1.0,0.665,13,multitask,20,,0.08826530612244898
0,1.0,0.695,10,finetuning,10,2.0,
0,1.0,0.875,14,finetuning,20,0.25,
0,0.996,0.86,18,finetuning,500,0.25,
0,1.0,0.82,7,multitask,50,,0.11155102040816327
0,1.0,0.61,18,singletask,10,,
0,0.998,0.915,23,finetuning,500,0.125,
0,1.0,0.62,27,multitask,50,,0.1113469387755102
0,1.0,0.71,25,finetuning,10,0.25,
0,1.0,0.69,19,singletask,500,,
0,1.0,0.755,40,singletask,200,,
0,1.0,0.965,14,finetuning,50,2.0,
0,1.0,0.88,28,multitask,500,,0.2536326530612245
0,1.0,0.77,4,singletask,100,,
0,1.0,0.9,30,multitask,20,,0.039877551020408165
0,0.995,0.725,17,singletask,200,,
0,1.0,0.79,11,finetuning,50,0.5,
0,1.0,0.835,15,finetuning,50,0.25,
0,0.998,0.92,41,multitask,500,,0.26440816326530614
0,1.0,0.815,15,finetuning,10,0.5,
0,1.0,0.66,11,finetuning,10,0.125,
0,1.0,0.805,32,multitask,100,,0.11767346938775511
0,1.0,0.65,19,finetuning,100,0.5,
0,1.0,0.665,17,finetuning,50,0.125,
0,1.0,0.55,24,multitask,10,,0.04138775510204082
0,1.0,0.715,0,finetuning,10,0.25,
0,1.0,0.76,29,singletask,200,,
0,1.0,0.545,20,singletask,10,,
0,0.6,0.5,4,multitask,10,,0.009551020408163266
0,0.998,0.985,12,finetuning,1000,2.0,
0,1.0,0.785,11,singletask,100,,
0,1.0,0.79,6,finetuning,100,0.125,
0,1.0,0.905,10,multitask,500,,0.24753061224489795
0,1.0,0.84,5,multitask,200,,0.11685714285714285
0,1.0,0.55,4,singletask,20,,
0,1.0,0.775,22,singletask,50,,
0,1.0,0.89,2,multitask,500,,0.25318367346938775
0,1.0,0.93,41,multitask,1000,,0.32653061224489793
0,1.0,0.94,26,multitask,100,,0.12379591836734694
0,1.0,0.76,17,multitask,200,,0.13110204081632654
0,1.0,0.585,16,singletask,20,,
0,1.0,0.695,41,multitask,10,,0.08075510204081633
0,0.999,0.93,4,finetuning,1000,0.5,
0,1.0,0.85,20,finetuning,500,1.0,
0,1.0,0.87,1,finetuning,500,2.0,
0,1.0,0.81,21,finetuning,200,0.125,
0,1.0,0.815,12,finetuning,20,0.125,
0,0.999,0.96,0,finetuning,1000,0.25,
0,0.997,0.92,45,singletask,1000,,
0,1.0,0.695,36,singletask,50,,
0,1.0,0.97,14,finetuning,100,2.0,
0,0.998,0.7,19,finetuning,500,0.25,
0,0.998,0.895,32,singletask,500,,
0,1.0,0.895,13,finetuning,200,0.5,
0,1.0,0.82,12,finetuning,10,0.5,
0,1.0,0.705,25,finetuning,200,2.0,
0,1.0,0.94,4,finetuning,200,1.0,
0,1.0,0.69,46,multitask,200,,0.10351020408163265
0,1.0,0.6,47,singletask,20,,
0,1.0,0.65,34,singletask,10,,
0,1.0,0.95,3,multitask,1000,,0.3119183673469388
0,1.0,0.61,16,finetuning,50,0.5,
0,1.0,0.895,22,finetuning,100,0.5,
0,1.0,0.85,18,finetuning,10,1.0,
0,1.0,0.975,12,finetuning,500,0.5,
0,1.0,0.635,42,multitask,50,,0.0943061224489796
0,1.0,0.775,8,singletask,50,,
0,1.0,0.8,13,finetuning,50,2.0,
0,1.0,0.665,10,finetuning,10,0.125,
0,1.0,0.9,28,multitask,1000,,0.326
0,0.996,0.705,19,finetuning,500,0.125,
0,1.0,0.875,5,finetuning,500,1.0,
0,1.0,0.845,24,finetuning,500,2.0,
0,0.998,0.89,4,finetuning,1000,0.125,
0,1.0,0.58,17,finetuning,10,2.0,
0,1.0,0.61,16,finetuning,50,0.125,
0,1.0,0.96,0,finetuning,200,2.0,
0,1.0,0.87,21,finetuning,200,1.0,
0,0.998,0.88,23,finetuning,1000,0.125,
0,1.0,0.92,7,finetuning,100,0.5,
0,0.997,0.92,13,finetuning,1000,2.0,
0,1.0,0.795,10,finetuning,20,1.0,
0,0.999,0.925,16,multitask,1000,,0.2929387755102041
0,1.0,0.85,10,finetuning,100,1.0,
0,0.999,0.95,12,finetuning,1000,0.25,
0,1.0,0.65,42,multitask,20,,0.11555102040816327
0,1.0,0.85,8,finetuning,200,0.5,
0,1.0,0.84,38,singletask,100,,
0,0.999,0.985,3,finetuning,1000,0.5,
0,1.0,0.81,9,multitask,200,,0.10928571428571429
0,1.0,0.745,8,singletask,20,,
0,0.998,1.0,14,multitask,1000,,0.2556326530612245
0,1.0,0.855,15,finetuning,20,0.125,
0,1.0,0.75,4,finetuning,20,0.5,
0,1.0,0.805,23,finetuning,20,2.0,
0,1.0,0.805,20,finetuning,50,1.0,
0,0.998,0.725,20,finetuning,1000,0.25,
0,1.0,0.825,18,finetuning,100,0.25,
0,0.998,0.895,6,singletask,1000,,
0,1.0,0.855,1,finetuning,200,0.125,
0,1.0,0.675,20,finetuning,10,0.25,
0,1.0,0.57,24,finetuning,10,1.0,
0,1.0,0.77,8,finetuning,50,0.5,
0,1.0,0.735,11,finetuning,20,0.25,
0,0.995,0.765,13,finetuning,200,0.125,
0,1.0,0.725,16,singletask,50,,
0,1.0,0.89,0,multitask,100,,0.09604081632653061
0,1.0,0.82,6,finetuning,10,1.0,
0,1.0,0.96,30,singletask,500,,
0,1.0,0.88,24,multitask,500,,0.2514489795918367
0,1.0,0.73,17,finetuning,10,0.125,
0,1.0,0.79,2,finetuning,50,1.0,
0,1.0,0.76,8,multitask,10,,0.04657142857142857
0,1.0,0.7,10,finetuning,50,0.25,
0,1.0,0.895,1,multitask,1000,,0.3020408163265306
0,1.0,0.735,14,singletask,10,,
0,0.92,0.775,11,finetuning,50,0.125,
0,1.0,0.665,9,finetuning,10,2.0,
0,1.0,0.805,28,multitask,10,,0.0816530612244898
0,1.0,0.91,43,multitask,1000,,0.3140612244897959
0,1.0,0.535,36,singletask,20,,
0,1.0,0.645,37,multitask,200,,0.12532653061224489
0,1.0,0.65,45,singletask,10,,
0,1.0,0.73,1,finetuning,20,2.0,
0,1.0,0.995,14,finetuning,1000,2.0,
0,1.0,0.88,9,finetuning,500,0.5,
0,1.0,0.805,26,finetuning,20,0.5,
0,1.0,0.645,47,singletask,50,,
0,1.0,0.87,48,singletask,1000,,
0,1.0,0.725,5,finetuning,10,0.25,
0,1.0,0.905,30,multitask,50,,0.10489795918367346
0,1.0,0.81,9,finetuning,20,1.0,
0,0.999,0.945,26,finetuning,1000,0.125,
0,0.999,0.895,2,finetuning,1000,0.5,
0,0.6,0.51,43,multitask,100,,0.07585714285714286
0,1.0,0.67,10,multitask,10,,0.04222448979591837
0,1.0,0.67,21,finetuning,20,0.5,
0,1.0,0.815,25,finetuning,500,1.0,
0,1.0,0.69,13,singletask,100,,
0,1.0,0.945,4,finetuning,500,2.0,
0,1.0,0.805,6,finetuning,20,2.0,
0,1.0,0.85,14,finetuning,20,0.125,
0,0.998,0.94,30,multitask,500,,0.24393877551020407
0,0.998,0.945,3,finetuning,500,0.125,
0,1.0,0.61,27,finetuning,100,0.5,
0,1.0,0.885,15,singletask,200,,
0,1.0,0.705,19,finetuning,100,0.25,
0,1.0,0.845,5,finetuning,50,1.0,
0,1.0,0.74,6,singletask,10,,
0,1.0,0.8,20,finetuning,200,2.0,
0,1.0,0.925,1,finetuning,200,1.0,
0,1.0,0.85,16,finetuning,200,0.5,
0,0.998,0.86,8,finetuning,1000,0.25,
0,0.998,0.905,41,singletask,1000,,
0,1.0,0.785,4,singletask,50,,
0,0.999,0.885,1,finetuning,1000,0.125,
0,0.975,0.76,23,multitask,200,,0.11812244897959184
0,1.0,0.7,22,singletask,20,,
0,1.0,0.795,1,finetuning,10,1.0,
0,1.0,0.945,12,multitask,100,,0.13579591836734695
0,1.0,0.88,11,finetuning,100,2.0,
0,1.0,0.99,0,finetuning,500,1.0,
0,1.0,0.625,28,finetuning,50,2.0,
0,1.0,0.865,21,finetuning,500,2.0,
0,1.0,0.6,38,singletask,10,,
0,1.0,0.745,33,multitask,10,,0.04810204081632653
0,1.0,0.93,26,finetuning,100,0.125,
0,1.0,0.615,23,finetuning,10,1.0,
0,1.0,0.56,16,finetuning,10,0.125,
0,1.0,0.675,42,singletask,200,,
0,1.0,0.745,6,singletask,100,,
0,0.998,0.87,17,finetuning,500,0.5,
0,1.0,0.695,27,finetuning,50,1.0,
0,1.0,0.67,10,finetuning,50,0.125,
0,1.0,0.815,13,multitask,50,,0.12416326530612246
0,1.0,0.61,24,finetuning,20,2.0,
0,1.0,0.77,7,multitask,20,,0.13038775510204081
0,1.0,0.665,44,singletask,100,,
0,1.0,0.685,3,finetuning,20,0.5,
0,1.0,0.925,0,singletask,200,,
0,1.0,0.925,15,finetuning,100,1.0,
0,1.0,0.58,27,multitask,20,,0.11122448979591837
0,0.998,0.96,15,finetuning,1000,2.0,
0,1.0,0.725,25,singletask,500,,
0,1.0,0.715,2,finetuning,100,0.5,
0,0.996,0.825,11,finetuning,500,0.125,
0,1.0,0.845,5,finetuning,200,2.0,
0,1.0,0.875,24,finetuning,200,1.0,
0,1.0,0.75,25,finetuning,20,1.0,
0,1.0,0.66,13,finetuning,100,0.125,
0,1.0,0.8,24,singletask,500,,
0,1.0,0.925,1,finetuning,1000,0.5,
0,0.998,0.865,11,singletask,1000,,
0,1.0,0.58,16,multitask,10,,0.045306122448979594
0,0.998,0.865,2,finetuning,500,0.5,
0,1.0,0.97,15,finetuning,500,1.0,
0,1.0,0.78,45,singletask,100,,
0,1.0,0.73,17,finetuning,20,0.125,
0,1.0,0.89,49,multitask,500,,0.24877551020408165
0,1.0,0.835,1,singletask,200,,
0,1.0,0.835,36,multitask,50,,0.09379591836734694
0,1.0,0.805,17,finetuning,100,0.5,
0,1.0,0.795,43,singletask,200,,
0,1.0,0.845,7,singletask,100,,
0,1.0,0.915,18,multitask,500,,0.24763265306122448
0,1.0,0.69,5,finetuning,10,0.5,
0,1.0,0.73,22,finetuning,10,2.0,
0,1.0,0.87,10,finetuning,200,2.0,
0,1.0,0.925,26,finetuning,200,0.5,
0,1.0,0.725,28,singletask,10,,
0,1.0,0.94,26,finetuning,50,2.0,
0,1.0,0.71,1,finetuning,50,0.5,
0,1.0,0.98,0,finetuning,100,1.0,
0,1.0,0.795,21,finetuning,100,2.0,
0,1.0,0.71,24,finetuning,500,0.125,
0,1.0,0.855,15,multitask,50,,0.07320408163265306
0,1.0,0.915,11,finetuning,500,2.0,
0,1.0,0.675,41,singletask,10,,
0,1.0,0.835,33,multitask,200,,0.12093877551020409
0,1.0,0.745,32,singletask,20,,
0,1.0,0.825,23,finetuning,50,0.5,
0,1.0,0.83,4,finetuning,50,2.0,
0,1.0,0.755,15,finetuning,10,0.125,
0,1.0,0.965,14,singletask,200,,
0,1.0,0.64,35,multitask,10,,0.04204081632653061
0,0.998,0.775,27,finetuning,500,0.5,
0,1.0,0.59,13,finetuning,50,0.125,
0,0.998,0.845,28,singletask,1000,,
0,1.0,0.87,0,finetuning,10,2.0,
0,1.0,0.59,27,finetuning,10,0.5,
0,1.0,0.73,43,singletask,50,,
0,1.0,0.94,12,singletask,100,,
0,1.0,0.755,48,multitask,50,,0.1452857142857143
0,1.0,0.94,3,finetuning,200,0.5,
0,1.0,0.765,8,finetuning,20,2.0,
0,1.0,0.83,20,multitask,500,,0.27046938775510204
0,1.0,0.895,16,finetuning,1000,2.0,
0,1.0,0.745,25,finetuning,100,1.0,
0,1.0,0.91,4,finetuning,100,2.0,
0,1.0,0.765,4,multitask,100,,0.1026734693877551
0,1.0,0.725,1,finetuning,100,0.125,
0,1.0,0.88,12,singletask,50,,
0,0.995,0.84,18,finetuning,200,0.25,
0,1.0,0.725,21,multitask,20,,0.08836734693877552
0,1.0,0.905,7,finetuning,20,1.0,
0,1.0,0.605,10,singletask,10,,
0,1.0,0.985,14,finetuning,200,1.0,
0,1.0,0.72,1,multitask,20,,0.07508163265306123
0,1.0,0.745,5,finetuning,50,0.25,
0,1.0,0.69,2,singletask,10,,
0,1.0,0.975,0,finetuning,20,1.0,
0,0.998,0.975,0,finetuning,1000,0.5,
0,0.995,0.915,26,finetuning,200,0.125,
0,0.999,0.925,7,finetuning,1000,0.25,
0,1.0,0.745,28,finetuning,20,0.5,
0,0.999,0.78,42,multitask,1000,,0.32185714285714284
0,0.53,0.505,16,multitask,100,,0.06104081632653061
0,1.0,0.595,16,finetuning,20,0.125,
0,1.0,0.725,9,finetuning,100,0.5,
0,1.0,0.845,26,singletask,20,,
0,1.0,0.575,27,multitask,200,,0.12897959183673469
0,1.0,0.835,0,singletask,50,,
0,0.999,0.895,21,singletask,1000,,
0,1.0,0.7,44,multitask,20,,0.10895918367346939
0,1.0,0.645,20,finetuning,10,0.5,
0,1.0,0.705,7,finetuning,10,2.0,
0,1.0,0.77,47,multitask,100,,0.11993877551020408
0,0.997,0.955,0,multitask,1000,,0.2860408163265306
0,0.999,0.95,36,singletask,1000,,
0,1.0,0.63,10,finetuning,10,0.25,
0,1.0,0.85,3,finetuning,50,2.0,
0,1.0,0.93,15,finetuning,1000,0.125,
0,1.0,0.64,24,finetuning,50,0.5,
0,0.996,0.9,31,singletask,500,,
0,1.0,0.89,34,multitask,500,,0.2539387755102041
0,1.0,0.615,8,finetuning,10,1.0,
0,1.0,0.665,21,finetuning,20,0.25,
0,1.0,0.56,19,multitask,20,,0.12106122448979592
0,1.0,0.775,6,finetuning,50,0.5,
0,1.0,0.695,21,finetuning,50,2.0,
0,0.997,0.875,18,singletask,1000,,
0,1.0,0.85,14,finetuning,10,0.125,
0,1.0,0.64,25,finetuning,10,2.0,
0,1.0,0.61,2,finetuning,10,0.5,
0,1.0,0.695,20,finetuning,50,0.25,
0,1.0,0.86,12,finetuning,50,0.125,
0,0.999,0.93,15,finetuning,1000,0.25,
0,0.997,0.965,15,multitask,1000,,0.3066938775510204
0,0.999,0.87,17,finetuning,1000,2.0,
0,1.0,0.73,4,finetuning,20,0.25,
0,1.0,0.695,19,finetuning,200,0.25,
0,1.0,0.695,39,singletask,100,,
0,1.0,0.855,22,finetuning,20,1.0,
0,1.0,0.94,11,finetuning,20,1.0,
0,0.998,0.965,26,finetuning,500,0.5,
0,0.995,0.82,8,finetuning,200,0.125,
0,1.0,0.715,9,singletask,20,,
0,1.0,0.835,8,multitask,200,,0.10908163265306123
0,1.0,0.85,15,finetuning,100,0.125,
0,0.997,0.895,20,finetuning,1000,0.5,
0,0.998,0.88,10,finetuning,500,2.0,
0,1.0,0.51,19,finetuning,20,0.125,
0,1.0,0.965,15,finetuning,200,1.0,
0,0.999,0.975,11,multitask,1000,,0.29920408163265305
0,1.0,0.915,14,finetuning,100,0.25,
0,1.0,0.8,46,multitask,10,,0.06983673469387755
0,0.998,0.965,12,finetuning,500,0.25,
0,0.998,0.92,22,finetuning,500,0.125,
0,1.0,0.555,16,finetuning,10,2.0,
0,1.0,0.86,24,finetuning,100,1.0,
0,1.0,0.815,5,finetuning,100,2.0,
0,1.0,0.67,19,finetuning,10,1.0,
0,0.997,0.835,40,singletask,1000,,
0,1.0,0.985,12,finetuning,50,2.0,
0,1.0,0.825,2,finetuning,200,0.5,
0,1.0,0.7,17,singletask,50,,
0,1.0,0.8,1,multitask,100,,0.10269387755102041
0,1.0,0.81,25,multitask,500,,0.27091836734693875
0,1.0,0.705,17,finetuning,50,0.5,
0,1.0,1.0,14,finetuning,500,1.0,
0,1.0,0.79,18,multitask,50,,0.11295918367346938
0,0.999,0.865,46,multitask,1000,,0.32916326530612244
0,0.998,0.955,3,finetuning,500,0.5,
0,1.0,0.765,15,singletask,10,,
0,1.0,0.635,38,multitask,10,,0.11026530612244898
0,1.0,0.655,13,finetuning,10,0.5,
0,1.0,0.93,18,finetuning,1000,2.0,
0,1.0,0.78,16,finetuning,200,0.25,
0,1.0,0.925,36,multitask,200,,0.1419387755102041
0,1.0,0.61,37,singletask,20,,
0,1.0,0.93,1,finetuning,100,1.0,
0,1.0,0.615,44,singletask,10,,
0,1.0,0.955,4,multitask,1000,,0.30789795918367346
0,1.0,0.73,20,finetuning,100,2.0,
0,1.0,0.725,27,finetuning,200,0.5,
0,1.0,0.835,45,multitask,50,,0.10322448979591836
0,1.0,0.745,46,singletask,50,,
0,1.0,0.93,11,finetuning,200,2.0,
0,0.998,0.96,35,singletask,500,,
0,1.0,0.745,16,finetuning,100,0.5,
0,0.998,0.925,10,finetuning,1000,1.0,
0,1.0,0.855,7,finetuning,100,0.125,
0,1.0,0.75,28,singletask,100,,
0,1.0,0.74,20,multitask,50,,0.11351020408163265
0,1.0,0.67,42,multitask,100,,0.11428571428571428
0,1.0,0.8,21,finetuning,50,0.25,
0,1.0,0.925,0,multitask,50,,0.11377551020408164
0,1.0,0.73,49,multitask,20,,0.09210204081632653
0,0.995,0.805,10,singletask,200,,
0,1.0,0.86,49,singletask,500,,
0,1.0,0.935,31,multitask,500,,0.2577755102040816
0,0.995,0.74,20,finetuning,200,0.125,
0,0.998,0.88,21,finetuning,1000,0.5,
0,0.994,0.905,1,finetuning,1000,0.25,
0,1.0,0.635,18,finetuning,20,0.125,
0,1.0,0.925,14,finetuning,10,0.5,
0,1.0,0.805,16,singletask,100,,
0,1.0,0.86,15,finetuning,100,0.25,
0,0.998,0.89,13,finetuning,500,0.25,
0,1.0,0.715,7,singletask,10,,
0,0.998,0.93,7,singletask,1000,,
0,1.0,0.95,14,multitask,20,,0.08836734693877552
0,1.0,0.65,5,finetuning,20,0.25,
0,1.0,0.68,10,finetuning,50,0.5,
0,1.0,0.84,5,singletask,50,,
0,1.0,0.795,23,singletask,20,,
0,1.0,0.865,22,multitask,200,,0.12355102040816326
0,1.0,0.76,13,multitask,100,,0.10624489795918367
0,1.0,0.56,3,multitask,10,,0.09593877551020408
0,0.998,0.795,20,singletask,500,,
0,1.0,0.915,15,finetuning,50,2.0,
0,1.0,0.545,39,singletask,10,,
0,0.7,0.5,23,multitask,10,,0.00853061224489796
0,1.0,0.79,8,finetuning,100,0.5,
0,1.0,0.765,11,finetuning,10,2.0,
0,1.0,0.835,41,singletask,100,,
0,1.0,0.785,5,singletask,200,,
0,1.0,0.735,4,finetuning,50,0.25,
0,0.998,0.87,18,finetuning,500,0.125,
0,1.0,0.62,19,finetuning,20,2.0,
0,1.0,0.775,47,singletask,200,,
0,0.999,0.8,19,finetuning,1000,2.0,
0,0.995,0.78,17,finetuning,200,0.25,
0,1.0,0.8,3,singletask,100,,
0,1.0,0.72,20,finetuning,20,0.25,
0,1.0,0.625,37,multitask,20,,0.09826530612244898
0,0.997,0.975,14,finetuning,1000,0.125,
0,1.0,0.815,49,singletask,1000,,
0,0.998,0.965,13,finetuning,1000,0.25,
0,1.0,0.75,11,finetuning,10,0.25,
0,0.996,0.95,11,finetuning,1000,1.0,
0,1.0,0.865,16,finetuning,20,1.0,
0,1.0,0.855,18,finetuning,20,1.0,
0,1.0,0.75,11,finetuning,50,0.25,
0,1.0,0.81,46,singletask,200,,
0,1.0,0.78,6,multitask,50,,0.11797959183673469
0,0.996,0.87,48,multitask,500,,0.2514489795918367
0,1.0,0.695,2,singletask,100,,
0,1.0,0.945,26,multitask,50,,0.09106122448979592
0,0.997,0.83,20,singletask,1000,,
0,1.0,0.69,17,finetuning,20,2.0,
0,0.999,0.96,22,finetuning,1000,0.5,
0,1.0,0.71,16,finetuning,100,0.25,
0,1.0,0.63,40,singletask,100,,
0,1.0,0.62,4,finetuning,10,0.25,
0,1.0,0.99,14,finetuning,50,1.0,
0,1.0,0.845,4,singletask,200,,
0,1.0,0.78,19,multitask,500,,0.25357142857142856
0,0.998,0.855,10,finetuning,500,0.25,
0,1.0,0.89,12,multitask,20,,0.07359183673469388
0,0.998,0.815,37,singletask,1000,,
0,1.0,0.765,10,finetuning,10,1.0,
0,1.0,0.84,21,singletask,500,,
0,1.0,0.74,29,singletask,10,,
0,0.998,0.895,8,finetuning,500,0.5,
0,0.999,0.96,26,finetuning,1000,0.25,
0,1.0,0.905,7,finetuning,200,0.125,
0,1.0,0.81,8,finetuning,100,0.125,
0,1.0,0.505,40,singletask,10,,
0,1.0,0.72,33,singletask,20,,
0,1.0,0.85,32,multitask,200,,0.13981632653061224
0,0.997,0.755,19,singletask,1000,,
0,1.0,0.72,17,singletask,100,,
0,1.0,0.875,15,finetuning,200,0.125,
0,1.0,0.72,25,multitask,10,,0.08055102040816327
0,1.0,0.595,19,finetuning,10,0.125,
0,1.0,0.845,9,finetuning,200,0.5,
0,1.0,0.775,5,multitask,10,,0.043326530612244896
0,1.0,0.68,42,singletask,50,,
0,0.995,0.88,11,singletask,200,,
0,1.0,0.835,48,singletask,500,,
0,1.0,0.705,10,finetuning,20,0.25,
0,1.0,0.955,14,finetuning,200,0.25,
0,1.0,0.89,21,multitask,500,,0.25546938775510203
0,1.0,0.81,5,multitask,100,,0.10344897959183673
0,1.0,0.675,13,singletask,50,,
0,1.0,0.82,12,finetuning,20,0.5,
0,1.0,0.52,21,finetuning,10,0.25,
0,1.0,0.75,29,singletask,100,,
0,1.0,0.86,31,multitask,20,,0.08275510204081632
0,1.0,0.735,11,singletask,10,,
0,0.999,0.98,12,finetuning,1000,1.0,
0,0.998,0.87,16,finetuning,500,0.5,
0,1.0,0.485,3,singletask,10,,
0,1.0,0.865,34,singletask,500,,
0,1.0,0.825,5,finetuning,500,0.125,
0,0.997,0.89,10,singletask,1000,,
0,1.0,0.845,15,finetuning,20,0.5,
0,0.84,0.685,17,multitask,100,,0.07891836734693877
0,1.0,0.935,26,multitask,200,,0.12440816326530613
0,1.0,0.5,27,singletask,20,,
0,0.999,0.905,5,multitask,1000,,0.3283877551020408
0,1.0,0.78,1,singletask,50,,
0,0.999,0.955,23,finetuning,1000,0.5,
0,1.0,0.935,1,finetuning,500,1.0,
0,1.0,0.78,20,finetuning,500,2.0,
0,1.0,0.695,17,finetuning,100,0.25,
0,1.0,0.87,47,multitask,1000,,0.3193265306122449
0,1.0,0.925,4,finetuning,200,2.0,
0,1.0,0.805,25,finetuning,200,1.0,
0,1.0,0.745,46,multitask,100,,0.11814285714285715
0,0.998,0.905,11,finetuning,500,0.25,
0,1.0,0.85,3,finetuning,100,0.5,
0,1.0,0.99,14,finetuning,100,1.0,
0,1.0,0.61,19,finetuning,50,0.5,
0,1.0,0.94,35,multitask,500,,0.24216326530612245
0,1.0,0.59,40,multitask,10,,0.08244897959183674
0,1.0,0.91,24,finetuning,500,1.0,
0,1.0,0.86,5,finetuning,500,2.0,
0,0.997,0.605,27,finetuning,1000,0.125,
0,1.0,0.755,17,finetuning,10,1.0,
0,0.998,0.9,10,multitask,1000,,0.2981020408163265
0,1.0,0.735,18,finetuning,10,2.0,
0,0.995,0.855,29,singletask,1000,,
0,1.0,0.675,20,finetuning,100,0.125,
0,1.0,0.78,18,finetuning,10,0.125,
0,1.0,0.895,13,finetuning,50,1.0,
0,1.0,0.76,10,finetuning,20,2.0,
0,0.998,0.765,17,finetuning,500,0.125,
0,1.0,0.8,10,finetuning,100,2.0,
0,1.0,0.865,15,finetuning,200,0.25,
0,1.0,0.805,17,finetuning,200,0.5,
0,1.0,0.8,43,multitask,50,,0.10681632653061225
0,1.0,0.805,21,finetuning,200,2.0,
0,1.0,0.98,0,finetuning,200,1.0,
0,0.998,0.96,0,finetuning,1000,0.125,
0,1.0,0.915,26,finetuning,100,0.5,
0,0.999,0.94,13,finetuning,1000,1.0,
0,1.0,0.825,18,finetuning,100,0.5,
0,1.0,0.915,12,finetuning,100,0.125,
0,0.996,0.855,33,singletask,1000,,
0,1.0,0.875,23,finetuning,20,1.0,
0,1.0,0.87,14,finetuning,50,0.25,
0,1.0,0.83,38,singletask,200,,
0,0.999,0.89,24,finetuning,1000,0.5,
0,1.0,0.69,9,multitask,100,,0.09777551020408164
0,1.0,0.605,24,finetuning,10,2.0,
0,1.0,0.475,3,finetuning,10,0.5,
0,1.0,0.735,10,finetuning,100,0.25,
0,0.998,0.75,16,finetuning,500,0.25,
0,0.996,0.955,12,multitask,1000,,0.288265306122449
0,1.0,0.83,7,finetuning,50,0.5,
0,1.0,0.805,43,multitask,20,,0.11565306122448979
0,0.998,0.735,25,finetuning,500,0.125,
0,1.0,0.755,20,finetuning,50,2.0,
0,0.997,0.825,24,singletask,1000,,
0,1.0,0.61,1,finetuning,10,0.25,
0,0.997,0.925,45,multitask,1000,,0.3203673469387755
0,1.0,0.79,2,finetuning,50,2.0,
0,1.0,0.585,25,finetuning,50,0.5,
0,1.0,0.645,25,singletask,10,,
0,1.0,0.755,9,finetuning,10,1.0,
0,1.0,0.545,27,singletask,50,,
0,0.995,0.93,0,multitask,200,,0.11718367346938775
0,1.0,0.595,21,finetuning,10,0.5,
0,1.0,0.735,1,singletask,20,,
0,1.0,0.74,6,finetuning,10,2.0,
0,1.0,0.655,19,finetuning,50,0.125,
0,0.998,0.96,15,multitask,500,,0.25248979591836734
0,1.0,0.895,12,finetuning,200,0.25,
0,1.0,0.87,0,finetuning,100,0.125,
0,1.0,0.565,9,multitask,10,,0.03851020408163265
0,1.0,0.73,44,multitask,500,,0.26481632653061227
0,0.998,0.925,36,singletask,500,,
0,1.0,0.575,24,finetuning,10,0.25,
0,1.0,0.635,29,multitask,10,,0.09053061224489796
0,1.0,0.71,37,multitask,100,,0.11548979591836735
0,0.999,0.98,7,multitask,1000,,0.2919591836734694
0,1.0,0.895,1,finetuning,20,1.0,
0,1.0,0.86,15,finetuning,20,0.25,
0,1.0,1.0,14,finetuning,1000,1.0,
0,1.0,0.945,4,finetuning,500,1.0,
0,1.0,0.745,13,singletask,200,,
0,0.998,0.78,25,finetuning,500,2.0,
0,1.0,0.595,27,finetuning,200,0.125,
0,0.999,0.905,6,finetuning,1000,0.25,
0,1.0,0.9,6,finetuning,20,1.0,
0,1.0,0.745,33,singletask,50,,
0,1.0,0.735,31,singletask,10,,
0,1.0,0.74,9,finetuning,20,2.0,
0,0.996,0.81,5,finetuning,1000,0.125,
0,0.999,0.8,25,finetuning,1000,0.5,
0,1.0,0.795,43,multitask,200,,0.1123061224489796
0,1.0,0.585,42,singletask,20,,
0,0.998,0.905,13,finetuning,500,0.5,
0,1.0,0.725,11,finetuning,100,0.25,
0,0.998,0.895,39,multitask,1000,,0.3146734693877551
0,1.0,0.73,11,multitask,10,,0.04851020408163265
0,0.997,0.97,14,singletask,1000,,
0,1.0,0.95,12,multitask,200,,0.1483469387755102
0,1.0,0.7,13,singletask,20,,
0,0.997,0.945,22,finetuning,1000,0.125,
0,1.0,0.705,1,finetuning,10,2.0,
0,1.0,0.87,23,multitask,100,,0.11585714285714285
0,1.0,0.705,26,finetuning,10,0.5,
0,0.996,0.835,17,finetuning,500,0.25,
0,1.0,0.925,7,multitask,500,,0.23522448979591837
0,1.0,0.945,11,finetuning,100,1.0,
0,0.99,0.785,6,finetuning,100,0.5,
0,1.0,0.84,31,multitask,50,,0.09622448979591837
0,1.0,0.895,15,singletask,100,,
0,1.0,0.88,8,singletask,500,,
0,1.0,0.85,22,finetuning,50,0.5,
0,1.0,0.76,5,finetuning,50,2.0,
0,1.0,0.9,1,finetuning,200,2.0,
0,1.0,0.84,20,finetuning,200,1.0,
0,1.0,0.68,42,singletask,100,,
0,1.0,0.825,6,singletask,200,,
0,1.0,0.92,39,multitask,500,,0.23940816326530612
0,1.0,0.615,27,finetuning,50,2.0,
0,1.0,0.935,0,finetuning,50,0.5,
0,1.0,0.88,21,finetuning,500,1.0,
0,1.0,0.725,18,finetuning,50,0.125,
0,1.0,0.75,28,finetuning,50,1.0,
0,1.0,0.975,0,finetuning,500,2.0,
0,1.0,0.895,23,singletask,500,,
0,1.0,0.805,6,multitask,20,,0.11246938775510204
0,1.0,0.735,4,finetuning,10,0.5,
0,1.0,0.675,23,finetuning,10,2.0,
0,1.0,0.91,26,multitask,20,,0.11918367346938775
0,1.0,0.73,13,finetuning,200,0.25,
0,1.0,0.92,23,finetuning,100,0.5,
0,1.0,0.95,12,multitask,50,,0.08497959183673469
0,1.0,0.86,24,finetuning,200,2.0,
0,1.0,0.85,5,finetuning,200,1.0,
0,0.998,0.975,14,finetuning,1000,0.25,
0,1.0,0.785,24,finetuning,20,1.0,
0,1.0,0.73,44,singletask,200,,
0,1.0,0.885,0,singletask,100,,
0,1.0,0.96,12,finetuning,200,0.5,
0,1.0,0.75,28,finetuning,100,0.125,
0,1.0,0.935,15,finetuning,100,2.0,
0,0.998,0.97,15,finetuning,1000,1.0,
0,1.0,0.79,32,multitask,10,,0.06589795918367347
0,0.998,0.97,15,finetuning,500,2.0,
0,1.0,0.8,45,singletask,200,,
0,1.0,0.825,1,singletask,100,,
0,0.997,0.89,9,finetuning,1000,0.5,
0,1.0,0.63,25,finetuning,20,2.0,
0,0.999,0.8,44,singletask,1000,,
0,1.0,0.65,2,finetuning,20,0.5,
0,1.0,0.71,48,singletask,10,,
0,0.998,0.97,26,finetuning,1000,0.5,
0,0.998,0.92,23,finetuning,500,0.5,
0,0.999,0.905,21,finetuning,1000,0.25,
0,1.0,0.915,7,finetuning,200,0.5,
0,0.996,0.895,22,singletask,500,,
0,1.0,0.875,0,finetuning,200,0.125,
0,1.0,0.92,12,finetuning,100,0.25,
0,1.0,0.555,19,singletask,10,,
0,1.0,0.95,26,finetuning,50,1.0,
0,1.0,0.97,14,finetuning,500,0.25,
0,1.0,0.86,21,finetuning,100,1.0,
0,1.0,0.69,37,multitask,50,,0.12824489795918367
0,1.0,0.945,0,finetuning,100,2.0,
0,1.0,0.755,43,singletask,100,,
0,1.0,0.875,7,singletask,200,,
0,1.0,0.925,29,multitask,500,,0.24787755102040818
0,1.0,0.775,17,multitask,10,,0.10544897959183673
0,1.0,0.905,10,finetuning,200,1.0,
0,1.0,0.715,22,finetuning,10,1.0,
0,1.0,0.955,14,singletask,100,,
0,1.0,0.75,20,multitask,20,,0.09928571428571428
0,0.998,0.74,9,singletask,500,,
0,0.996,0.9,6,finetuning,500,0.5,
0,1.0,0.84,40,multitask,500,,0.2629183673469388
0,1.0,0.895,12,finetuning,200,0.125,
0,1.0,0.895,0,finetuning,10,1.0,
0,1.0,0.94,0,multitask,20,,0.10430612244897959
0,1.0,0.5,28,finetuning,10,0.5,
0,1.0,0.77,49,multitask,50,,0.12887755102040815
0,1.0,0.935,11,finetuning,500,1.0,
0,1.0,0.94,38,multitask,1000,,0.30120408163265305
0,1.0,0.785,33,multitask,100,,0.12340816326530613
0,1.0,0.865,4,finetuning,50,1.0,
0,1.0,0.825,10,finetuning,200,0.25,
0,1.0,0.685,20,finetuning,20,0.5,
0,1.0,0.655,34,multitask,10,,0.09346938775510204
0,1.0,0.815,13,finetuning,100,0.5,
0,1.0,0.845,7,finetuning,20,2.0,
0,1.0,0.51,21,singletask,10,,
0,1.0,0.975,14,finetuning,200,2.0,
0,0.995,0.955,12,singletask,200,,
0,1.0,0.955,14,multitask,50,,0.11126530612244898
0,1.0,0.935,22,finetuning,200,0.5,
0,0.999,0.95,16,finetuning,1000,1.0,
0,1.0,0.95,11,multitask,500,,0.2539387755102041
0,1.0,0.75,8,finetuning,20,1.0,
0,1.0,0.915,4,finetuning,100,1.0,
0,1.0,0.675,25,finetuning,100,2.0,
0,1.0,0.66,5,singletask,20,,
0,1.0,0.835,4,multitask,200,,0.12063265306122449
0,1.0,0.815,23,singletask,50,,
0,1.0,0.94,3,multitask,500,,0.2489591836734694
0,0.73,0.565,27,multitask,100,,0.0639795918367347
0,1.0,0.78,28,finetuning,100,0.5,
0,1.0,0.68,17,singletask,20,,
0,1.0,0.78,16,multitask,200,,0.09875510204081632
0,1.0,0.95,6,multitask,1000,,0.32963265306122447
0,1.0,0.925,8,finetuning,1000,0.5,
0,1.0,0.775,18,multitask,20,,0.11551020408163265
0,0.996,0.91,3,singletask,1000,,
0,1.0,0.655,24,finetuning,50,0.25,
0,0.998,0.855,2,finetuning,500,0.125,
0,0.997,0.895,11,finetuning,1000,0.125,
0,1.0,0.745,19,finetuning,200,0.5,
0,1.0,0.77,37,singletask,500,,
0,1.0,0.92,0,finetuning,20,2.0,
0,0.998,0.78,27,finetuning,1000,0.5,
0,1.0,0.595,27,finetuning,20,0.5,
0,1.0,0.64,37,singletask,50,,
0,1.0,0.91,3,finetuning,50,1.0,
0,1.0,0.765,13,finetuning,100,0.25,
0,1.0,0.615,45,multitask,20,,0.11355102040816327
0,1.0,0.66,8,finetuning,10,2.0,
0,1.0,0.83,0,finetuning,20,0.25,
0,0.998,0.93,15,finetuning,500,0.25,
0,0.999,0.79,44,multitask,1000,,0.31942857142857145
0,1.0,0.72,46,singletask,20,,
0,1.0,0.765,47,multitask,200,,0.11328571428571428
0,1.0,0.86,7,finetuning,10,1.0,
0,1.0,0.645,35,singletask,10,,
0,0.998,0.845,9,finetuning,1000,0.25,
0,1.0,0.52,27,finetuning,100,0.125,
0,0.999,0.95,13,multitask,1000,,0.31181632653061225
0,1.0,0.715,25,finetuning,10,1.0,
0,1.0,0.75,1,finetuning,50,0.25,
0,1.0,0.63,9,singletask,50,,
0,1.0,0.72,9,finetuning,50,0.5,
0,1.0,0.845,21,finetuning,50,1.0,
0,0.995,0.845,11,finetuning,200,0.25,
0,1.0,0.7,39,singletask,200,,
0,1.0,0.555,5,finetuning,20,0.5,
0,1.0,0.835,14,finetuning,10,0.25,
0,1.0,0.775,22,finetuning,20,2.0,
0,1.0,0.895,17,finetuning,1000,1.0,
0,1.0,0.665,25,finetuning,20,0.25,
0,0.996,0.85,10,finetuning,500,0.125,
0,1.0,0.935,18,finetuning,500,0.5,
